version,name,bytes,drift_class
20260819142447,create_anchor_tiles,1292,A (absent from repo)
20260820053853,create_geniza_core_schema,4367,A (absent from repo)
20260820123304,wim_exchange_foundation,10515,A (absent from repo)
20260820123334,wim_exchange_seed_live_taxonomy,7544,A (absent from repo)
20260820123348,wim_exchange_live_taxonomy_corrections,3936,A (absent from repo)
20260820123413,wim_exchange_taxonomy_verification_gate,494,A (absent from repo)
20260820131352,wim_e02_verified_cluster_registry,8493,A (absent from repo)
20260820131839,wim_e02_verified_subclusters_traded_1_18,4380,A (absent from repo)
20260820131855,wim_e02_verified_subclusters_traded_19_51,4006,A (absent from repo)
20260820131912,wim_e02_verified_subclusters_local,4728,A (absent from repo)
20260820132147,wim_e03_organization_market_graph,4538,A (absent from repo)
20260820132615,wim_e04_supplier_registry_controls,3323,A (absent from repo)
20260820133014,wim_e05_opportunity_procurement_exchange,6384,A (absent from repo)
20260820133428,wim_e06_witc_trade_supply_chain,7819,A (absent from repo)
20260820160429,wim_e07_settlement_source_coin_integration,5194,A (absent from repo)
20260820171351,wim_e08_wealth_ecology_measurement_intelligence,7807,A (absent from repo)
20260820171949,wim_program_close_security_hardening,5054,A (absent from repo)
20260820172311,shared_public_schema_security_remediation,2361,A (absent from repo)
20260820174404,cruds_foundation_e02,4622,A (absent from repo)
20260820174631,cruds_works_provenance_witness_e03_e04,2883,A (absent from repo)
20260820175013,cruds_opportunities_commercialization_intelligence_e05_e08,8732,A (absent from repo)
20260821034608,capitalization_migration_transport_stage,909,A (absent from repo)
20260821035204,capitalization_payload_transport_stage,503,A (absent from repo)
20260821235041,create_system_heartbeat_registry,1404,A (absent from repo)
20260821235054,restrict_system_heartbeat_registry,145,A (absent from repo)
20260821235105,add_heartbeat_service_role_policy,140,A (absent from repo)
20260822002906,postgis_estimatedextent_rpc_hardening,571,A (absent from repo)
20260822011222,dhn_e01_foreign_key_indexes,795,A (absent from repo)
20260822012050,dhn_e06_rencat_telemetry_ingestion,3651,A (absent from repo)
20260822013557,postgis_estimatedextent_execute_hardening_e11_r1,312,A (absent from repo)
20260822020632,dhn_e13_production_operations_controlled_rollout,5673,A (absent from repo)
20260822021448,dhn_e13_slo_incident_measurement_pipeline,4323,A (absent from repo)
20260822024010,dhn_e13_synthetic_burnin_runner,2755,A (absent from repo)
20260822024310,dhn_e13_r1_controlled_enrollment_authorization,3021,A (absent from repo)
20260822024443,dhn_e13_r2_enrollment_decision_engine,2919,A (absent from repo)
20260822024657,dhn_e13_r3_operator_accountability,3720,A (absent from repo)
20260822101643,rgl_core_logistics_architecture,8977,A (absent from repo)
20260822101909,rgl_wim_bridge_control_tower,3247,A (absent from repo)
20260822102118,rgl_access_and_wim_markets,7998,A (absent from repo)
20260822102719,rgl_global_market_diaspora_v2,6904,A (absent from repo)
20260822102853,rgl_global_network_intelligence_v1,4211,A (absent from repo)
20260822103030,rgl_authoritative_geography_registry,5778,A (absent from repo)
20260822103244,rgl_verified_gateway_nodes_v1,2304,A (absent from repo)
20260822103401,rgl_air_cargo_gateways_v1,5547,A (absent from repo)
20260822103548,rgl_multimodal_gateway_clusters_v1,4191,A (absent from repo)
20260822104011,rgl_mbj_acc_government_corridor,4591,A (absent from repo)
20260822104719,rgl_rail_drone_spatial_connectors_v1,6867,A (absent from repo)
20260822104913,rgl_ssr_reconciliation_queue_v1,2558,A (absent from repo)
20260822132119,ssr_anchor_ingestion_guard_v1,4615,A (absent from repo)
20260822132226,ssr_spatial_cube_resolver_v1,2871,A (absent from repo)
20260822132500,rgl_ssr_review_only_candidate_matcher_v1,3659,A (absent from repo)
20260822134055,rgl_ssr_control_tower_readiness_v1,2542,A (absent from repo)
20260822134942,ssr_anchor_provenance_fingerprint_v1,1915,A (absent from repo)
20260822201014,gsc_e01_e06_physical_commerce_foundation,11909,A (absent from repo)
20260822201035,gsc_service_role_rls_policies,688,A (absent from repo)
20260822202022,gsc_internal_rls_policy_cleanup,640,A (absent from repo)
20260822202609,create_iotf_e01_e02,10655,A (absent from repo)
20260822202736,create_iotf_e03_e05,10062,A (absent from repo)
20260822203139,iotf_e06_e08_execution_settlement_intelligence,10370,A (absent from repo)
20260822203352,iotf_e09_controlled_operational_activation,9822,A (absent from repo)
20260822203940,iotf_g2_goods_eligibility_framework,11612,A (absent from repo)
20260822204541,activate_sourceenergy_buyer_organizations,1893,A (absent from repo)
20260822204940,iotf_financial_institutional_roles,5196,A (absent from repo)
20260822205214,activate_energy_source_business_oman,5384,A (absent from repo)
20260822205948,energy_source_oman_evidence_registry,5783,A (absent from repo)
20260822210256,ingest_energy_source_oman_drive_evidence,3457,A (absent from repo)
20260822210527,energy_source_oman_verification_gap_tracking,3878,A (absent from repo)
20260822211004,iotf_sblc_transaction_authority_matrix,6638,A (absent from repo)
20260823023033,rw_e03_e04_enterprise_registry_readiness,9430,A (absent from repo)
20260823024450,rw_e03_e04_fk_indexes,1001,A (absent from repo)
20260823024830,rw_e05_e06_incubator_cluster_integration,8574,A (absent from repo)
20260823025002,rw_e07_e08_capital_commercialization_gateway,10267,A (absent from repo)
20260823025248,rw_e09_e10_trade_logistics_wealth_yield,12046,A (absent from repo)
20260823030630,extend_revolution_wealth_capital_registry,5771,A (absent from repo)
20260823031110,revolution_wealth_registry_authorization,10403,A (absent from repo)
20260823031430,revolution_wealth_api_and_role_binding,4354,A (absent from repo)
20260823041915,revolution_wealth_current_access_projection,1064,A (absent from repo)
20260823051137,hei_build_001_identity_consortium_foundation,10619,B (repo holds same name under different stamp)
20260823051931,hei_build_002_endowment_fiduciary_core,9729,B (repo holds same name under different stamp)
20260823052522,hei_build_003_research_ip_commercialization,7030,B (repo holds same name under different stamp)
20260823053302,hei_build_004_capital_opportunity_core,8875,B (repo holds same name under different stamp)
20260823054526,hei_build_005_grants_philanthropy_mission_capital,6776,B (repo holds same name under different stamp)
20260823055847,hei_build_006_student_talent_mobility,7621,B (repo holds same name under different stamp)
20260823061516,hei_build_007_procurement_supplier_clusters,8219,B (repo holds same name under different stamp)
20260823070544,hei_build_008_infrastructure_real_assets,7353,B (repo holds same name under different stamp)
20260823072436,seus_e02_energy_market_registry,8057,A (absent from repo)
20260823072454,seus_e02_market_registry_indexes,572,A (absent from repo)
20260823072620,seus_e03_energy_asset_infrastructure_registry,7777,A (absent from repo)
20260823072739,seus_e04_energy_projects_interconnection_pipeline,11351,A (absent from repo)
20260823072927,seus_e05_energy_commercial_contracts,11471,A (absent from repo)
20260823073110,seus_e06_energy_operations_telemetry,14875,A (absent from repo)
20260823073246,seus_e07_environmental_attributes_sustainability,15372,A (absent from repo)
20260823073422,seus_e08_energy_finance_capital_readiness,12715,A (absent from repo)
20260823073639,seus_e09_portfolio_risk_scenario_decisioning,16203,A (absent from repo)
20260823073833,seus_e10_energy_rbac_rls_application_access,10946,A (absent from repo)
20260823075506,hei_security_hardening_001,1016,B (repo holds same name under different stamp)
20260824034845,ins_e09_insurance_intelligence,10021,B (repo holds same name under different stamp)
20260824041339,ins_e10_ecosystem_adapters,12106,B (repo holds same name under different stamp)
20260824041748,ins_e11_compliance_authority,11936,A (absent from repo)
20260824044631,ins_e12_production_readiness,7897,B (repo holds same name under different stamp)
20260824124150,seg_master_data_schema_v1,7687,A (absent from repo)
20260824164927,create_segm_government_control_plane,7295,A (absent from repo)
20260824165111,extend_segm_defense_support_controls,7361,A (absent from repo)
20260824165825,seae_e01_core_governance_rights_royalties,11432,A (absent from repo)
20260824170527,segm_07_readiness_authorization_engine,15328,A (absent from repo)
20260824170735,seae_e02_heritage_events_distribution_wim_bridge,11398,A (absent from repo)
20260824231238,seae_e03_access_consent_clearance_settlement,21210,A (absent from repo)
20260825000426,seae_e04_governed_rpc_audit_impact_v2,15895,A (absent from repo)
20260825000526,seae_e04_acceptance_baseline,1243,A (absent from repo)
20260825001238,add_segm_evidence_onboarding_pipeline,3965,A (absent from repo)
20260825033935,setc_media_communications_core_v1,7912,A (absent from repo)
20260825034050,setc_media_communications_ops_v2,5936,A (absent from repo)
20260825034324,setc_media_rbac_v3,10545,A (absent from repo)
20260825034455,setc_media_api_events_v4,6195,A (absent from repo)
20260825034619,setc_media_outbox_v5,3720,A (absent from repo)
20260825035057,setc_media_auth_test_harness_v6,2837,A (absent from repo)
20260825045815,setc_media_public_read_model_v7,1748,A (absent from repo)
20260825050846,setc_media_workspace_capabilities_v8,1625,A (absent from repo)
20260825053114,setc_media_workspace_queues_v9,4764,A (absent from repo)
20260825053819,setc_media_authorization_hardening_v10,10508,A (absent from repo)
20260825054048,setc_media_governed_write_plane_v11,11213,A (absent from repo)
20260825061644,setc_media_reviews_queue_v12,1098,A (absent from repo)
20260825153110,jlc_001_jamaica_logistics_corridor,11351,A (absent from repo)
20260825155916,jlc_002_rgl_wim_integration,3018,A (absent from repo)
20260825160809,jlc_003_verified_gateway_spatial_reconciliation,2876,A (absent from repo)
20260825161211,jlc_004_evidence_resolution_multimodal_activation,3697,A (absent from repo)
20260825161516,jlc_005_government_counterparty_evidence_registry,3150,A (absent from repo)
20260825161906,jlc_006_cabinet_mandate_mou_resolution,3824,A (absent from repo)
20260825162506,jlc_007_transaction_readiness_control,3218,A (absent from repo)
20260825162731,jlc_008_commercial_anchor_cargo_development,5616,A (absent from repo)
20260825163123,jlc_009_external_market_evidence_registry,2917,A (absent from repo)
20260825183233,wealth_advisors_phase_vi_a_core,30139,A (absent from repo)
20260825183442,wealth_advisors_phase_vi_b_hardening,6782,A (absent from repo)
20260825183637,wealth_advisors_phase_vi_c_api_surfaces,8888,A (absent from repo)
20260825190337,wealth_advisors_phase_vi_d3_identity_preapproval,3606,A (absent from repo)
20260825212218,jlc_009b_quantified_gateway_and_anchor_prospect_registry,5771,A (absent from repo)
20260825224217,create_ai_governance_adapter,11941,A (absent from repo)
20260826190826,capitalization_foundation,323,A (absent from repo)
20260826190839,capitalization_treasury_interbank,331,A (absent from repo)
20260826190906,capitalization_settlement_governance,334,A (absent from repo)
20260826190935,capitalization_api_projection_security,336,A (absent from repo)
20260827043824,iotf_sblc_0002_private_platform_readiness,7028,A (absent from repo)
20260827044004,sblc_0002_platform_prescreening_workflow,5322,A (absent from repo)
20260827044159,sblc_0002_platform_intake_controls,4582,A (absent from repo)
20260827044621,rw_v21_explicit_service_only_denies,813,A (absent from repo)
20260828005135,eco_e04_projection_foundation,6275,B (repo holds same name under different stamp)
20260828012912,eco_ph01_authority_integrity,1006,B (repo holds same name under different stamp)
20260828014056,eco_ph02_projection_corrections,1691,B (repo holds same name under different stamp)
20260828092635,create_workforce_ecology_core,8219,A (absent from repo)
20260828092910,workforce_ecology_scoring_engine_v1,10246,A (absent from repo)
20260828093048,workforce_ecology_governance_override_v1,7323,A (absent from repo)
20260828094013,workforce_ecology_governance_gates_v1,9770,A (absent from repo)
20260828094345,workforce_ecology_sios_read_models_v1,3512,A (absent from repo)
20260828094414,workforce_ecology_production_gate_v1,1729,A (absent from repo)
20260828094952,workforce_ecology_controlled_pilot_authorization_v1,7206,A (absent from repo)
20260828095654,workforce_ecology_pilot_identity_and_cohort_gate_v1,4443,A (absent from repo)
20260828100236,workforce_ecology_working_warriors_candidate_v1,1280,A (absent from repo)
20260828111744,register_working_warriors_network_setc_v1,2383,A (absent from repo)
20260828111907,workforce_ecology_identity_verification_gate_v1,2942,A (absent from repo)
20260828120441,ecology_smart_specialization_ecomatrix_v1,13246,A (absent from repo)
20260828120955,ecology_ecomatrix_wem42_wim_crosswalk_v1,23067,A (absent from repo)
20260828121252,ecology_ecomatrix_execution_binding_and_rls_v1,10385,A (absent from repo)
20260828121445,ecology_execution_readiness_fix_and_evidence_inventory_v1,6781,A (absent from repo)
20260828121602,ssr_codex411_authority_reconciliation_v1,5073,A (absent from repo)
20260828123130,ssr_candidate_canonicalization_control_v1,9469,A (absent from repo)
20260828124531,ssr_729_anchor_and_2001_vertical_lattice_v1,5963,A (absent from repo)
20260828125627,ssr_reference_addresses_and_concordance_status_v1,5966,A (absent from repo)
20260828131436,ssr_w3w_validation_control_v1,2775,A (absent from repo)
20260828144848,enable_http_extension_for_ssr_validation,60,A (absent from repo)
20260828162213,ssr_rls_policy_completion_v1,541,A (absent from repo)
20260828175412,ssr_ingest_api_schema_access_v1,300,A (absent from repo)
20260828175620,expose_ssr_ingest_postgrest_v1,115,A (absent from repo)
20260828175819,ssr_ingest_rpc_fallback_v1,1275,A (absent from repo)
20260828180015,ssr_ingest_rpc_fallback_fix_v2,1603,A (absent from repo)
20260828182454,ssr_ingest_rpc_auth_fix_v3,1615,A (absent from repo)
20260828182719,ssr_ingest_rpc_auth_fix_v4,1408,A (absent from repo)
20260828184735,ssr_vertical_datum_z_assignment_rule_v1,4270,A (absent from repo)
20260828185633,ssr_vertical_envelope_11001_v1,3955,A (absent from repo)
20260828185842,ssr_11001_canonical_views_v1,1006,A (absent from repo)
20260828200114,ssr_canonicalization_requirements_11001_v1,426,A (absent from repo)
20260828200441,ssr_air_land_sea_scientific_provider_registry_v1,3859,A (absent from repo)
20260828202903,ssr_air_observation_evidence_v1,1552,A (absent from repo)
20260828231943,harden_ssr_air_observations_persistence,1356,A (absent from repo)
20260828233426,ssr_stage_promotion_control_v1,6500,A (absent from repo)
20260828235939,harden_ssr_air_observations_persistence,2962,A (absent from repo)
20260829005814,sourcecubes_ssr_canonical_integration_v1,3974,A (absent from repo)
20260829010950,assign_sourceenergy_technologies_sourcecubes_ip_v1,3249,A (absent from repo)
20260829011647,sourcecubes_patent_pipeline_control_v1,2035,A (absent from repo)
20260829012123,sourceenergy_ip_portfolio_evidence_registry_v1,3994,A (absent from repo)
20260829012406,legacy_49_canonical_registry_crosswalk_v1,8306,A (absent from repo)
20260829013138,setc_patent_landscape_evidence_lane_v1,9936,A (absent from repo)
20260829013908,setc_patent_family_deduplication_crosswalk_v1,7961,A (absent from repo)
20260829014105,setc_distinct_subfamily_novelty_review_v1,4700,A (absent from repo)
20260829014827,setc_027_claim_decomposition_v1,7601,A (absent from repo)
20260829015058,setc_027_implementation_and_prior_art_evidence_v1,4425,A (absent from repo)
20260829015301,setc_027_authority_boundary_gap_assessment_v1,2469,A (absent from repo)
20260829015452,setc_intelligence_authority_boundary_v1,11572,A (absent from repo)
20260829015513,setc_027_authority_boundary_evidence_update_v1,2560,A (absent from repo)
20260829015726,setc_intelligence_authority_domain_bindings_v1,4504,A (absent from repo)
20260829015842,setc_027_domain_binding_evidence_v1,2573,A (absent from repo)
20260829020325,setc_027_inventorship_chain_of_title_gate_v1,5298,A (absent from repo)
20260829020659,setc_027_sourceenergy_technologies_owner_assertion_v1,2189,A (absent from repo)
20260829022852,sourcecubes_11001_vertical_canonicalization_v1,4473,A (absent from repo)
20260829023219,sourcecubes_dca_w3w_concordance_control_v1,5269,A (absent from repo)
20260829023556,sourcecubes_correct_dca_namespace_and_anchor_tile_authority_v1b,5537,A (absent from repo)
20260829023811,sourcecubes_nmia_promotion_gate_evidence_v1,2253,A (absent from repo)
20260829024501,ssr_geospatial_source_stack_google_mapbox_v1,4062,A (absent from repo)
20260829024509,ssr_geos_cf_air_evidence_persistence_v1,1923,A (absent from repo)
20260829024843,sourcecubes_vertical_evidence_observation_and_reconciliation_v1,4549,A (absent from repo)
20260829025257,ssr_geos_cf_persistence_privileges_v2,1302,A (absent from repo)
20260829025848,sourcecubes_bathymetry_dataset_split_and_datum_controls_v1,6176,A (absent from repo)
20260829033006,sourcecubes_gebco_runtime_validation_v1,1522,A (absent from repo)
20260829033409,sourcecubes_gebco_2026_dataset_manifest_v1,2358,A (absent from repo)
20260829034117,sourcecubes_gebco_point_runtime_validation_nmia_v1,1759,A (absent from repo)
20260829034412,sourcecubes_vertical_reconciliation_provider_rules_v2,2718,A (absent from repo)
20260829034431,sourcecubes_vertical_reconciliation_subject_key_fix_v1,2577,A (absent from repo)
20260829034710,sourcecubes_provider_runtime_readiness_v1b,4200,A (absent from repo)
20260829035014,sourcecubes_canonicalization_gate_v1,3003,A (absent from repo)
20260829035118,ssr_geos_cf_authoritative_time_metadata_v1,1645,A (absent from repo)
20260829064938,ssr_air_profile_time_series_v1,4762,A (absent from repo)
20260829080933,ssr_air_cross_provider_concordance_v1,3727,A (absent from repo)
20260829081740,ssr_air_4d_timeseries_layer_v1,2627,A (absent from repo)
20260829083047,ssr_air_timeseries_public_rpc_v1,1546,A (absent from repo)
20260829083558,ssr_air_profile_persistence_rpc_v1,3879,A (absent from repo)
20260829111251,ssr_air_temporal_delta_analytics_v1,3886,A (absent from repo)
20260829114116,ssr_air_trajectory_anomaly_analytics_v2,8467,A (absent from repo)
20260829120202,ssr_air_event_ledger_v1,13673,A (absent from repo)
20260829122039,ssr_air_event_routing_outbox_v1,27852,A (absent from repo)
20260829122238,ssr_air_event_routing_maintenance_core_v1,6264,A (absent from repo)
20260829122245,enable_pg_cron_for_ssr_air_routing_v1,63,A (absent from repo)
20260829122259,schedule_ssr_air_event_routing_maintenance_v1,234,A (absent from repo)
20260829122401,ssr_air_event_escalation_ack_sla_gate_v2,4587,A (absent from repo)
20260829124203,ssr_air_event_governance_command_center_v1,20402,A (absent from repo)
20260829130618,ssr_air_operational_response_layer_v1,10598,A (absent from repo)
20260829145238,ssr_air_cross_domain_validation_v2,13327,A (absent from repo)
20260829145925,ssr_sea_observational_evidence_v1,4041,A (absent from repo)
20260829150122,ssr_sea_dynamic_validation_workflow_v1,9271,A (absent from repo)
20260829150347,ssr_copernicus_marine_worker_contract_v1,12569,A (absent from repo)
20260829163750,sourcecubes_canonical_core_schema_v2c,6193,A (absent from repo)
20260829163812,sourcecubes_canonical_core_functions_v2d,7493,A (absent from repo)
20260829163822,sourcecubes_nmia_candidate_materialization_v2e,877,A (absent from repo)
20260829164822,sourcecubes_anchor_authority_promotion_v1,7675,A (absent from repo)
20260829164910,sourcecubes_anchor_authority_promotion_fix_v2,7297,A (absent from repo)
20260829164943,sourcecubes_anchor_authority_promotion_status_fix_v3,7272,A (absent from repo)
20260829170024,sourcecube_lab_cohort_onboarding,1588,A (absent from repo)
20260829170543,sourcecubes_population_pipeline_v2,3157,A (absent from repo)
20260829170653,ssr_land_sea_surface_progress_v1,8929,A (absent from repo)
20260829171834,genesis_cube_person_onboarding,2141,A (absent from repo)
20260829173451,cohort_zero_foundational_governance,974,A (absent from repo)
20260829174449,ssr_anchor_resolution_job_control_v1,9899,A (absent from repo)
20260829174546,sourcecubes_external_evidence_intake_append_only_v1,5131,A (absent from repo)
20260829174859,ssr_anchor_resolution_dispatch_v1,2926,A (absent from repo)
20260829174919,enable_pg_net_for_anchor_resolution_dispatch,62,A (absent from repo)
20260829174945,ssr_anchor_resolution_pg_net_dispatch_v2,2177,A (absent from repo)
20260829175524,ssr_anchor_resolution_artifact_sync_v1,5822,A (absent from repo)
20260829175639,sourcecubes_unique_anchor_promotion_id_v2,8316,A (absent from repo)
20260829175753,ssr_land_sea_surface_progress_v2,7848,A (absent from repo)
20260829180520,ssr_noaa_rtofs_event_aligned_worker_v1,13957,A (absent from repo)
20260829181120,sourcecubes_nmia_land_subsurface_evidence_control_v1b,3696,A (absent from repo)
20260829181908,ssr_anchor_resolution_job_control_v1,9899,A (absent from repo)
20260829194906,sourcecubes_population_governance_dashboard_v1,2546,A (absent from repo)
20260829200219,ssr_noaa_rtofs_surface_height_contract_v1,9701,A (absent from repo)
20260829200514,ssr_land_sea_surface_progress_v2,16817,A (absent from repo)
20260830005206,ssr_air_land_sea_fusion_assessment_v2,15909,A (absent from repo)
20260830005334,ssr_air_land_sea_fusion_governance_v2,8043,A (absent from repo)
20260830005712,ssr_air_land_sea_governance_decision_support_v1,12563,A (absent from repo)
20260830005902,ssr_environmental_monitoring_watchlist_v1,19565,A (absent from repo)
20260830010152,ssr_air_land_sea_operational_monitoring_v1,30853,A (absent from repo)
20260830010210,ssr_environmental_monitoring_execution_v1,19334,A (absent from repo)
20260830010443,ssr_environmental_monitoring_automation_v1,23566,A (absent from repo)
20260830010606,fix_ssr_environmental_monitoring_run_audit_columns,1556,A (absent from repo)
20260830010611,ssr_environmental_monitoring_audit_compatibility_v1,1368,A (absent from repo)
20260830010918,ssr_monitoring_persisted_air_fallback_v1,10989,A (absent from repo)
20260830011058,ssr_environmental_monitoring_cycle_context_v1,4464,A (absent from repo)
20260830012452,ssr_geos_time_lineage_correction_control_v1,5524,A (absent from repo)
20260830013229,ssr_air_event_episode_correlation_v1,13579,A (absent from repo)
20260830013441,ssr_air_episode_governance_queue_v1,6456,A (absent from repo)
20260830013606,ssr_environmental_fusion_review_layer_v1,25045,A (absent from repo)
20260830015143,sourceenergy_one_genesis_foundation_v1,5755,A (absent from repo)
20260830015153,sourceenergy_one_service_role_rls_v1,1296,A (absent from repo)
20260830015212,sourceenergy_one_codex24_emerging_registry_v1,528,A (absent from repo)
20260830015359,sourceenergy_one_control_plane_v1,4515,A (absent from repo)
20260830020006,sourceenergy_one_heartbeat_identity_assurance_v1,4163,A (absent from repo)
20260830020831,sourceenergy_one_heartbeat_replay_control_v1,1100,A (absent from repo)
20260830021040,sourceenergy_one_heartbeat_step_up_rpc_v1,3273,A (absent from repo)
20260830021329,sourceenergy_one_authorization_broker_v1,5039,A (absent from repo)
20260830021612,sourceenergy_one_execution_broker_v1,2670,A (absent from repo)
20260830023307,sourceenergy_one_execution_broker_hardening_v2,3570,A (absent from repo)
20260830064241,sourceenergy_one_create_genesis_package_rpc_v1,3749,A (absent from repo)
20260830065708,sourceenergy_one_execution_broker_remove_legacy_overload_v3,216,A (absent from repo)
20260830070020,sourceenergy_one_authorization_lifecycle_integrity_v4,6287,A (absent from repo)
20260830071000,sourceenergy_one_genesis_4p_boundary_v2,4967,A (absent from repo)
20260830071306,sourceenergy_one_genesis_content_integrity_v3,6545,A (absent from repo)
20260830071348,sourceenergy_one_genesis_content_integrity_digest_fix_v4,5013,A (absent from repo)
20260830072209,sourceenergy_one_living_purpose_journal_v1,3298,A (absent from repo)
20260830072445,sourceenergy_one_living_purpose_journal_service_v2,8735,A (absent from repo)
20260830072653,sourceenergy_one_genesis_evolution_nomination_v1,7414,A (absent from repo)
20260830073628,sourceenergy_one_seci_knowledge_cycle_v1,4967,A (absent from repo)
20260830073643,sourceenergy_one_seci_service_boundary_v2,5452,A (absent from repo)
20260830074100,sourceenergy_one_seci_codex24_4p_bridge_v1,6969,A (absent from repo)
20260830075110,sourceenergy_one_spirit_gate_v1,6033,A (absent from repo)
20260830075610,sourceenergy_one_spirit_gate_enforcement_v2,8717,A (absent from repo)
20260830075949,sourceenergy_one_typed_evidence_provenance_v1,9895,A (absent from repo)
20260830080337,sourceenergy_one_external_evidence_intake_envelope_v1,9233,A (absent from repo)
20260830080626,sourceenergy_one_4p_genesis_typed_evidence_gate_v1,5829,A (absent from repo)
20260830081040,sourceenergy_one_atomic_genesis_supersession_v1,5606,A (absent from repo)
20260830082645,sourceenergy_one_spirit_gate_substantive_v3,7519,A (absent from repo)
20260830083126,sourceenergy_one_spirit_gate_v3_revision_semantics,4555,A (absent from repo)
20260830083749,sourceenergy_one_audit_ledger_immutability_v1,4696,A (absent from repo)
20260830083806,sourceenergy_one_audit_chain_backfill_fix_v2,1676,A (absent from repo)
20260830084353,sourceenergy_one_actor_consent_integrity_v1,10595,A (absent from repo)
20260830084823,sourceenergy_one_model_provenance_integrity_v1,8929,A (absent from repo)
20260830085317,sourceenergy_one_reflection_confirmation_bypass_fix_v1,3395,A (absent from repo)
20260830094411,create_setc_oel_core_schema,12107,A (absent from repo)
20260830094536,create_oel_policy_and_command_layer,15344,A (absent from repo)
20260830095012,create_oel_sidekick_adapter_contract_v2,9217,A (absent from repo)
20260830100915,create_oel_trusted_adapter_dispatcher,10722,A (absent from repo)
20260830174622,vzc_e01_domain_foundation_sourcecube_bindings_v1,6795,A (absent from repo)
20260830174700,vzc_e01_sourcecube_binding_integrity_v2,951,A (absent from repo)
20260830174930,vzc_e02_safety_event_observation_contract_v1,4677,A (absent from repo)
20260830181134,vzc_e02_event_class_integrity_v2,738,A (absent from repo)
20260830181917,vzc_e03_predictive_risk_governance_v1,5745,A (absent from repo)
20260830182219,vzc_e04_connected_infrastructure_control_boundary_v1,6282,A (absent from repo)
20260830182515,vzc_e05_multimodal_safety_adapters_v1,6092,A (absent from repo)
20260830182621,vzc_e05_service_role_policies_v2,612,A (absent from repo)
20260830183040,vzc_e06_emergency_health_coordination_v1,6868,A (absent from repo)
20260830183710,vzc_e07_government_municipal_evidence_controls_v1,8974,A (absent from repo)
20260830184039,vzc_e08_research_technology_validation_v1,9647,A (absent from repo)
20260830184446,vzc_e09_pilot_outcome_measurement_v1,7464,A (absent from repo)
20260830192814,vzc_e10_acceptance_hardening_v1,6552,A (absent from repo)
20260901023624,add_sourceenergy_command_feed_snapshot,6701,A (absent from repo)
20260901074723,sourcecube_genesis_rls_security_hardening_v1,1386,A (absent from repo)
20260901080209,sourcecube_assignment_control_plane_v1,9213,A (absent from repo)
20260901080749,sourcecube_rls_phase_2_authority_separation,8545,A (absent from repo)
20260901080958,sourcecube_governance_bootstrap_control,4443,A (absent from repo)
20260901223221,treasury_resource_catalog_sourcecube_alignment,8055,A (absent from repo)
